OBJECTID,Water_Quality,lon,lat
1,2924,-81.6288,30.3062
2,958,-81.6288,30.3062
3,3873,-81.6288,30.3062
4,14136,-81.6288,30.3062
5,241960,-81.6288,30.3062
6,1314,-81.6288,30.3062
7,389,-81.6288,30.3062
8,3800,-81.6288,30.3062
9,7701,-81.6288,30.3062
10,1725,-81.6288,30.3062
11,3255,-81.6288,30.3062
12,24196,-81.6288,30.3062
13,3070,-81.6288,30.3062
14,86,-81.6288,30.3062
15,2382,-81.6288,30.3062
16,1178,-81.6288,30.3062
17,448,-81.6288,30.3062
18,2481,-81.6288,30.3062
19,1607,-81.6288,30.3062
20,259,-81.6288,30.3062
21,4611,-81.6288,30.3062
22,24196,-81.6288,30.3062
23,14136,-81.6288,30.3062
24,9208,-81.6312,30.3006
25,10462,-81.6305,30.2984
26,24200,-81.6299,30.3006
27,19900,-81.6299,30.3006
28,7700,-81.6299,30.3006
29,15500,-81.6299,30.3006
30,11200,-81.6299,30.3006
31,6490,-81.6299,30.3006
32,7700,-81.6299,30.3006
33,2420,-81.6299,30.3006
34,2420,-81.6299,30.3006
35,2420,-81.6299,30.3006
36,2420,-81.6299,30.3006
37,1990,-81.6299,30.3006
38,1200,-81.6299,30.3006
39,10500,-81.6299,30.3006
40,2420,-81.6299,30.3006
41,2420,-81.6299,30.3006
42,24196,-81.6297,30.3007
43,19863,-81.6297,30.3007
44,24196,-81.6297,30.3007
45,24196,-81.6297,30.3007
46,10462,-81.6297,30.3007
47,8664,-81.6297,30.3007
48,9208,-81.6297,30.3007
49,15531,-81.6297,30.3007
50,19863,-81.6297,30.3007
51,17329,-81.6297,30.3007
52,7701,-81.6297,30.3007
53,6867,-81.6297,30.3007
54,11199,-81.6297,30.3007
55,24196,-81.6297,30.3007
56,11199,-81.6297,30.3007
57,11199,-81.6297,30.3007
58,24196,-81.6297,30.3007
59,8400,-81.6297,30.3007
60,6900,-81.6297,30.3007
61,12033,-81.6297,30.3007
62,14136,-81.6297,30.3007
63,5475,-81.6297,30.3007
64,6131,-81.6297,30.3007
65,4884,-81.6297,30.3007
66,3430,-81.6297,30.3007
67,6488,-81.6297,30.3007
68,7270,-81.6297,30.3007
69,4611,-81.6297,30.3007
70,9804,-81.6297,30.3007
71,12098,-81.6297,30.3007
72,9804,-81.6297,30.3007
73,24196,-81.6297,30.3007
74,9930,-81.6297,30.3007
75,19863,-81.6297,30.3007
76,24196,-81.6297,30.3007
77,8664,-81.6297,30.3007
78,24196,-81.6297,30.3007
79,15531,-81.6297,30.3007
80,19863,-81.6297,30.3007
81,6867,-81.6297,30.3007
82,6867,-81.6297,30.3007
83,24196,-81.6297,30.3007
84,24196,-81.6297,30.3007
85,3873,-81.6297,30.3007
86,8164,-81.6297,30.3007
87,8164,-81.6297,30.3007
88,9804,-81.6297,30.3007
89,4611,-81.6297,30.3007
90,6488,-81.6297,30.3007
91,19863,-81.6297,30.3007
92,1597,-81.6297,30.3007
93,7700,-81.6281,30.3027
94,12000,-81.6281,30.3027
95,5790,-81.6281,30.3027
96,4610,-81.6281,30.3027
97,7700,-81.6281,30.3027
98,4610,-81.6281,30.3027
99,4884,-81.6265,30.3046
100,6131,-81.6265,30.3046
101,12033,-81.6265,30.3046
102,4352,-81.6265,30.3046
103,4106,-81.6265,30.3046
104,2489,-81.6265,30.3046
105,10462,-81.6265,30.3046
106,1576,-81.6265,30.3046
107,7270,-81.6265,30.3046
108,24196,-81.6265,30.3046
109,241960,-81.6265,30.3046
110,1223,-81.6265,30.3046
111,24196,-81.6265,30.3046
112,24196,-81.6265,30.3046
113,241960,-81.6265,30.3046
114,4400,-81.6265,30.3046
115,5500,-81.6265,30.3046
116,2282,-81.6265,30.3046
117,3873,-81.6265,30.3046
118,1421,-81.6265,30.3046
119,2613,-81.6265,30.3046
120,6131,-81.6265,30.3046
121,1540,-81.6265,30.3046
122,4884,-81.6265,30.3046
123,5475,-81.6265,30.3046
124,5794,-81.6265,30.3046
125,5172,-81.6265,30.3046
126,8164,-81.6265,30.3046
127,9930,-81.6265,30.3046
128,3873,-81.6265,30.3046
129,8164,-81.6265,30.3046
130,1515,-81.6265,30.3046
131,24196,-81.6265,30.3046
132,15531,-81.6265,30.3046
133,3448,-81.6265,30.3046
134,1607,-81.6265,30.3046
135,2909,-81.6265,30.3046
136,15531,-81.6265,30.3046
137,2987,-81.6265,30.3046
138,2098,-81.6265,30.3046
139,4106,-81.6265,30.3046
140,3873,-81.6265,30.3046
141,2723,-81.6265,30.3046
142,1014,-81.6265,30.3046
143,19863,-81.6265,30.3046
144,5475,-81.6265,30.3046
145,464,-81.6134,30.3004
146,7701,-81.6134,30.3004
147,504,-81.6134,30.3004
148,350,-81.6134,30.3004
149,959,-81.6134,30.3004
150,380,-81.6134,30.3004
151,86,-81.6134,30.3004
152,576,-81.6134,30.3004
153,317,-81.6134,30.3004
154,457,-81.6134,30.3004
155,3873,-81.6134,30.3004
156,717,-81.6134,30.3004
157,269,-81.6134,30.3004
158,833,-81.6134,30.3004
159,1553,-81.6134,30.3004
160,1187,-81.6134,30.3004
161,1396,-81.6134,30.3004
162,884,-81.6134,30.3004
163,1658,-81.6134,30.3004
164,231,-81.6134,30.3004
165,411,-81.6134,30.3004
166,987,-81.6134,30.3004
167,73,-81.722,30.3009
168,588,-81.7133,30.2986
169,7270,-81.7133,30.2986
170,836,-81.7129,30.2984
171,180,-81.7129,30.2984
172,270,-81.7129,30.2984
173,180,-81.7129,30.2984
174,4200,-81.7129,30.2984
175,360,-81.7129,30.2984
176,180,-81.7129,30.2984
177,541,-81.7129,30.2984
178,460,-81.7129,30.2984
179,991,-81.7129,30.2984
180,721,-81.7129,30.2984
181,360,-81.7129,30.2984
182,1100,-81.7129,30.2984
183,811,-81.7129,30.2984
184,360,-81.7129,30.2984
185,813,-81.7129,30.2984
186,431,-81.7129,30.2984
187,3654,-81.7129,30.2984
188,908,-81.7129,30.2984
189,1439,-81.7129,30.2984
190,2187,-81.7129,30.2984
191,1670,-81.7129,30.2984
192,301,-81.7129,30.2984
193,1607,-81.7129,30.2984
194,2247,-81.7129,30.2984
195,2755,-81.7129,30.2984
196,9208,-81.7129,30.2984
197,1935,-81.7129,30.2984
198,15500,-81.7129,30.2984
199,1723,-81.7129,30.2984
200,3654,-81.7129,30.2984
201,480,-81.7129,30.2984
202,1211,-81.7129,30.2984
203,512,-81.7129,30.2984
204,4106,-81.7129,30.2984
205,7270,-81.7129,30.2984
206,384,-81.7129,30.2984
207,556,-81.7129,30.2984
208,417,-81.7129,30.2984
209,882,-81.7129,30.2984
210,404,-81.7092,30.2947
211,1620,-81.7092,30.2947
212,1720,-81.7092,30.2947
213,345,-81.7092,30.2947
214,1440,-81.7092,30.2947
215,1300,-81.7092,30.2947
216,2420,-81.7092,30.2947
217,1990,-81.7092,30.2947
218,1440,-81.7092,30.2947
219,866,-81.7092,30.2947
220,2420,-81.7092,30.2947
221,1200,-81.7092,30.2947
222,770,-81.7092,30.2947
223,1990,-81.7092,30.2947
224,1200,-81.7092,30.2947
225,613,-81.7092,30.2947
226,687,-81.7092,30.2947
227,932,-81.7092,30.2947
228,488,-81.7092,30.2947
229,2420,-81.7092,30.2947
230,816,-81.7092,30.2947
231,771,-81.7092,30.2947
232,1300,-81.7092,30.2947
233,2420,-81.7092,30.2947
234,1120,-81.7092,30.2947
235,1410,-81.7092,30.2947
236,2420,-81.7092,30.2947
237,387,-81.7092,30.2947
238,2420,-81.7092,30.2947
239,1320,-81.7092,30.2947
240,816,-81.7092,30.2947
241,318,-81.7092,30.2947
242,772,-81.7092,30.2947
243,1539,-81.7092,30.2947
244,1173,-81.7092,30.2947
245,1986.3,-81.7092,30.2947
246,473,-81.7092,30.2947
247,1281,-81.7092,30.2947
248,1413.6,-81.7092,30.2947
249,1314,-81.7092,30.2947
250,2046,-81.7092,30.2947
251,3448,-81.7092,30.2947
252,3654,-81.7092,30.2947
253,1414,-81.7092,30.2947
254,1565,-81.7092,30.2947
255,4352,-81.7092,30.2947
256,839,-81.7092,30.2947
257,6131,-81.7092,30.2947
258,1145,-81.7092,30.2947
259,5475,-81.7092,30.2947
260,934,-81.7092,30.2947
261,648.8,-81.5864,30.2944
262,86,-81.6952,30.3676
263,132,-81.6952,30.3676
264,538,-81.6952,30.3676
265,364,-81.6952,30.3676
266,10,-81.6952,30.3676
267,2382,-81.6952,30.3676
268,160,-81.6952,30.3676
269,85,-81.6952,30.3676
270,86,-81.6952,30.3676
271,131,-81.6952,30.3676
272,249,-81.6952,30.3676
273,473,-81.6952,30.3676
274,52,-81.6952,30.3676
275,201,-81.6952,30.3676
276,960,-81.6952,30.3676
277,86,-81.6952,30.3676
278,187,-81.6952,30.3676
279,63,-81.6952,30.3676
280,52,-81.6952,30.3676
281,52,-81.6952,30.3676
282,218,-81.6952,30.3676
283,327,-81.6952,30.3676
284,504,-81.6952,30.3676
285,243,-81.6952,30.3676
286,10,-81.6912,30.3681
287,10,-81.6912,30.3681
288,20,-81.6912,30.3681
289,171,-81.6912,30.3681
290,10,-81.6912,30.3681
291,10,-81.6912,30.3681
292,10,-81.6912,30.3681
293,10,-81.6912,30.3681
294,20,-81.6912,30.3681
295,121,-81.6912,30.3681
296,86,-81.6912,30.3681
297,10,-81.6912,30.3681
298,10,-81.6912,30.3681
299,31,-81.6912,30.3681
300,488,-81.6912,30.3681
301,5,-81.6912,30.3681
302,10,-81.6912,30.3681
303,5,-81.6912,30.3681
304,5,-81.6912,30.3681
305,10,-81.6912,30.3681
306,20,-81.6912,30.3681
307,5,-81.6912,30.3681
308,1565,-81.6912,30.3681
309,5,-81.6912,30.3681
310,880,-81.6911,30.3567
311,309,-81.6911,30.3567
312,218,-81.6911,30.3567
313,631,-81.6911,30.3567
314,384,-81.6911,30.3567
315,132,-81.6911,30.3567
316,1020,-81.6911,30.3567
317,24200,-81.6911,30.3567
318,313,-81.6911,30.3567
319,884,-81.6911,30.3567
320,301,-81.6911,30.3567
321,1050,-81.6911,30.3567
322,1990,-81.6911,30.3567
323,1990,-81.6911,30.3567
324,387,-81.6911,30.3567
325,980,-81.6911,30.3567
326,1120,-81.6911,30.3567
327,326,-81.6911,30.3567
328,1990,-81.6911,30.3567
329,921,-81.6911,30.3567
330,326,-81.6911,30.3567
331,172,-81.6911,30.3567
332,579,-81.6911,30.3567
333,3130,-81.6911,30.3567
334,178,-81.6911,30.3567
335,543,-81.6911,30.3567
336,40.2,-81.6911,30.3567
337,201,-81.6911,30.3567
338,345,-81.6911,30.3567
339,687,-81.6911,30.3567
340,1990,-81.6911,30.3567
341,2420,-81.6911,30.3567
342,538,-81.6911,30.3567
343,1120,-81.6911,30.3567
344,1200,-81.6911,30.3567
345,4350,-81.6911,30.3567
346,294,-81.6911,30.3567
347,839,-81.6911,30.3567
348,1616,-81.6911,30.3567
349,687,-81.6911,30.3567
350,7270,-81.6911,30.3567
351,1467,-81.6911,30.3567
352,629.4,-81.6911,30.3567
353,571,-81.6911,30.3567
354,332,-81.6911,30.3567
355,605,-81.6911,30.3567
356,717,-81.6911,30.3567
357,199,-81.6911,30.3567
358,908,-81.6911,30.3567
359,173,-81.6911,30.3567
360,84,-81.6911,30.3567
361,292,-81.6911,30.3567
362,428,-81.6911,30.3567
363,295,-81.6911,30.3567
364,327,-81.6911,30.3567
365,122,-81.6911,30.3567
366,703,-81.6911,30.3567
367,10,-81.69,30.3649
368,10,-81.69,30.3649
369,15531,-81.69,30.3649
370,5475,-81.69,30.3649
371,84,-81.69,30.3649
372,109,-81.69,30.3649
373,428,-81.69,30.3649
374,31,-81.69,30.3649
375,31,-81.69,30.3649
376,10,-81.69,30.3649
377,171,-81.69,30.3649
378,30,-81.69,30.3649
379,10,-81.69,30.3649
380,813,-81.69,30.3649
381,10,-81.69,30.3649
382,41,-81.69,30.3649
383,41,-81.69,30.3649
384,98,-81.69,30.3649
385,156,-81.69,30.3649
386,52,-81.69,30.3649
387,10,-81.69,30.3649
388,63,-81.69,30.3649
389,10,-81.69,30.3649
390,5,-81.69,30.3649
391,167,-81.69,30.3649
392,836,-81.69,30.3649
393,20,-81.69,30.3649
394,52,-81.69,30.3649
395,37.9,-81.69,30.3649
396,41,-81.69,30.3649
397,52,-81.69,30.3649
398,85,-81.69,30.3649
399,185,-81.69,30.3649
400,74,-81.69,30.3649
401,5,-81.69,30.3649
402,63,-81.69,30.3649
403,74,-81.6839,30.3702
404,279,-81.6839,30.3702
405,213,-81.6839,30.3702
406,355,-81.6839,30.3702
407,171,-81.6839,30.3702
408,882,-81.6839,30.3702
409,391,-81.6839,30.3702
410,402,-81.6839,30.3702
411,135,-81.6839,30.3702
412,185,-81.6839,30.3702
413,216,-81.6839,30.3702
414,146,-81.6839,30.3702
415,199,-81.6839,30.3702
416,410,-81.6839,30.3702
417,480,-81.6839,30.3702
418,86,-81.6839,30.3702
419,146,-81.6839,30.3702
420,148,-81.6839,30.3702
421,241,-81.6839,30.3702
422,146,-81.6839,30.3702
423,554,-81.6839,30.3702
424,31,-81.6839,30.3702
425,435,-81.6839,30.3702
426,121,-81.6838,30.3703
427,256,-81.6838,30.3703
428,933,-81.6838,30.3703
429,265,-81.6838,30.3703
430,63,-81.6838,30.3703
431,34,-81.6838,30.3703
432,137,-81.6838,30.3703
433,285,-81.6838,30.3703
434,248,-81.6838,30.3703
435,145,-81.6838,30.3703
436,106,-81.6838,30.3703
437,108,-81.6838,30.3703
438,112,-81.6838,30.3703
439,488,-81.6838,30.3703
440,238,-81.6838,30.3703
441,40.4,-81.6838,30.3703
442,127,-81.6838,30.3703
443,28.8,-81.6838,30.3703
444,387,-81.6838,30.3703
445,345,-81.6838,30.3703
446,172,-81.6838,30.3703
447,27.5,-81.6838,30.3703
448,65,-81.6838,30.3703
449,687,-81.6838,30.3703
450,68.3,-81.6838,30.3703
451,261,-81.6838,30.3703
452,365,-81.6838,30.3703
453,116,-81.6838,30.3703
454,88.4,-81.6838,30.3703
455,249,-81.6838,30.3703
456,95.9,-81.6838,30.3703
457,345,-81.6838,30.3703
458,292,-81.6838,30.3703
459,110,-81.6838,30.3703
460,86,-81.6838,30.3703
461,85.7,-81.6838,30.3703
462,325.5,-81.6838,30.3703
463,143.9,-81.6838,30.3703
464,365.4,-81.6838,30.3703
465,162.4,-81.6838,30.3703
466,461.1,-81.6838,30.3703
467,172.2,-81.6838,30.3703
468,160.7,-81.6838,30.3703
469,829.7,-81.6838,30.3703
470,435.2,-81.6838,30.3703
471,410.6,-81.6838,30.3703
472,248.9,-81.6838,30.3703
473,125,-81.6838,30.3703
474,1119.9,-81.6838,30.3703
475,214.2,-81.6838,30.3703
476,121.1,-81.6838,30.3703
477,240,-81.6838,30.3703
478,717,-81.6738,30.368
479,6488,-81.6738,30.368
480,2098,-81.6738,30.368
481,749,-81.6738,30.368
482,63,-81.6738,30.368
483,987,-81.6738,30.368
484,717,-81.6738,30.368
485,583,-81.6738,30.368
486,988,-81.6738,30.368
487,5172,-81.6738,30.368
488,789,-81.6738,30.368
489,794,-81.6738,30.368
490,1153,-81.6738,30.368
491,1153,-81.6738,30.368
492,2613,-81.6738,30.368
493,4352,-81.6738,30.368
494,1789,-81.6738,30.368
495,17329,-81.6738,30.368
496,4106,-81.6738,30.368
497,2046,-81.6738,30.368
498,2282,-81.6738,30.368
499,2014,-81.6738,30.368
500,216,-81.6738,30.368
501,11199,-81.6738,30.368
502,3076,-81.6713,30.381
503,417,-81.6713,30.381
504,8664,-81.6713,30.381
505,576,-81.6713,30.381
506,771,-81.6713,30.381
507,767,-81.6713,30.381
508,213,-81.6713,30.381
509,1842,-81.6713,30.381
510,11199,-81.6713,30.381
511,583,-81.6713,30.381
512,305,-81.6713,30.381
513,1046,-81.6713,30.381
514,1274,-81.6713,30.381
515,12033,-81.704,30.3714
516,12997,-81.704,30.3714
517,384,-81.704,30.3714
518,24196,-81.704,30.3714
519,4352,-81.704,30.3714
520,24196,-81.704,30.3714
521,860,-81.704,30.3714
522,1782,-81.704,30.3714
523,1850,-81.704,30.3714
524,521,-81.704,30.3714
525,30,-81.704,30.3714
526,677,-81.704,30.3714
527,836,-81.704,30.3714
528,135,-81.704,30.3714
529,1725,-81.704,30.3714
530,620,-81.704,30.3714
531,309,-81.704,30.3714
532,52,-81.704,30.3714
533,259,-81.704,30.3714
534,813,-81.704,30.3714
535,426,-81.704,30.3714
536,563,-81.704,30.3714
537,650,-81.704,30.3714
538,5475,-81.704,30.3714
539,45,-81.6987,30.3906
540,155.4,-81.6987,30.3906
541,414,-81.6982,30.3888
542,75,-81.6982,30.3888
543,249,-81.6982,30.3888
544,223,-81.6982,30.3888
545,98,-81.6982,30.3888
546,529,-81.6982,30.3888
547,455,-81.6982,30.3888
548,110,-81.6982,30.3888
549,86,-81.6982,30.3888
550,235,-81.6982,30.3888
551,1376,-81.6982,30.3888
552,256,-81.6982,30.3888
553,282,-81.6982,30.3888
554,323,-81.6982,30.3888
555,161,-81.6982,30.3888
556,189,-81.6982,30.3888
557,63,-81.6982,30.3888
558,84,-81.6982,30.3888
559,813,-81.6982,30.3888
560,379,-81.6982,30.3888
561,160,-81.6982,30.3888
562,131,-81.6982,30.3888
563,350,-81.6982,30.3888
564,161,-81.6982,30.3888
565,1054,-81.6982,30.3888
566,6131,-81.7268,30.3748
567,288,-81.7268,30.3748
568,201,-81.7268,30.3748
569,2247,-81.7268,30.3748
570,233,-81.7268,30.3748
571,173,-81.7268,30.3748
572,160,-81.7268,30.3748
573,529,-81.7268,30.3748
574,537,-81.7268,30.3748
575,435,-81.7268,30.3748
576,279,-81.7268,30.3748
577,369,-81.7268,30.3748
578,109,-81.7268,30.3748
579,109,-81.7268,30.3748
580,226,-81.7268,30.3748
581,855,-81.7268,30.3748
582,717,-81.7268,30.3748
583,265,-81.7268,30.3748
584,158,-81.7268,30.3748
585,448,-81.7268,30.3748
586,554,-81.7268,30.3748
587,231,-81.7268,30.3748
588,183,-81.7268,30.3748
589,259,-81.7268,30.3748
590,882,-81.7248,30.3841
591,529,-81.7248,30.3841
592,384,-81.7248,30.3841
593,1014,-81.7248,30.3841
594,5172,-81.72,30.3892
595,246,-81.72,30.3892
596,213,-81.72,30.3892
597,428,-81.72,30.3892
598,301,-81.72,30.3892
599,106,-81.72,30.3892
600,457,-81.72,30.3892
601,663,-81.72,30.3892
602,318,-81.72,30.3892
603,389,-81.72,30.3892
604,243,-81.72,30.3892
605,473,-81.72,30.3892
606,228,-81.72,30.3892
607,315,-81.72,30.3892
608,359,-81.72,30.3892
609,121,-81.72,30.3892
610,1723,-81.72,30.3892
611,305,-81.72,30.3892
612,187,-81.72,30.3892
613,1670,-81.7192,30.377
614,12033,-81.7192,30.377
615,6488,-81.7192,30.377
616,450,-81.7192,30.377
617,216,-81.7192,30.377
618,471,-81.7192,30.377
619,958,-81.7192,30.377
620,448,-81.7192,30.377
621,3448,-81.7192,30.377
622,384,-81.7192,30.377
623,2014,-81.7192,30.377
624,1354,-81.7192,30.377
625,1723,-81.7192,30.377
626,1076,-81.7192,30.377
627,1019,-81.7192,30.377
628,1515,-81.7192,30.377
629,2014,-81.7192,30.377
630,2755,-81.7192,30.377
631,1785,-81.7192,30.377
632,5794,-81.7192,30.377
633,9208,-81.7192,30.377
634,1664,-81.7192,30.377
635,1376,-81.7192,30.377
636,1187,-81.7192,30.377
637,836,-81.7192,30.377
638,1860,-81.7192,30.377
639,2014,-81.7192,30.377
640,557,-81.7192,30.377
641,1723,-81.717,30.3677
642,512,-81.717,30.3677
643,2613,-81.717,30.3677
644,11199,-81.717,30.3677
645,9208,-81.717,30.3677
646,14136,-81.717,30.3677
647,135,-81.717,30.3677
648,2755,-81.7109,30.3964
649,259,-81.7109,30.3964
650,426,-81.7109,30.3964
651,187,-81.7109,30.3964
652,199,-81.7109,30.3964
653,327,-81.7109,30.3964
654,144,-81.7109,30.3964
655,487,-81.7109,30.3964
656,12033,-81.7109,30.3964
657,309,-81.7109,30.3964
658,388,-81.7109,30.3964
659,122,-81.7109,30.3964
660,1789,-81.7109,30.3964
661,203,-81.7109,30.3964
662,327,-81.7109,30.3964
663,189,-81.707,30.3944
664,1076,-81.707,30.3944
665,3873,-81.707,30.3944
666,3255,-81.707,30.3944
667,576,-81.707,30.3944
668,1187,-81.707,30.3944
669,2613,-81.707,30.3944
670,556,-81.707,30.3944
671,1918,-81.7024,30.4019
672,1935,-81.7024,30.4019
673,1198,-81.7024,30.4019
674,3255,-81.7024,30.4019
675,754,-81.7024,30.4019
676,1396,-81.7024,30.4019
677,6490,-81.7024,30.4019
678,3255,-81.7024,30.4019
679,6131,-81.7024,30.4019
680,2909,-81.7024,30.4019
681,2481,-81.7024,30.4019
682,657,-81.7024,30.4019
683,4352,-81.7024,30.4019
684,1723,-81.7024,30.4019
685,3255,-81.7024,30.4019
686,9804,-81.7024,30.4019
687,1515,-81.7024,30.4019
688,771,-81.7024,30.4019
689,2143,-81.7024,30.4019
690,4611,-81.7024,30.4019
691,3255,-81.7024,30.4019
692,173,-81.6994,30.398
693,605,-81.6994,30.398
694,318,-81.6994,30.398
695,279,-81.6994,30.398
696,2224,-81.6994,30.398
697,473,-81.6994,30.398
698,546,-81.6994,30.398
699,399,-81.6994,30.398
700,455,-81.6994,30.398
701,3448,-81.6994,30.398
702,496,-81.6994,30.398
703,2909,-81.6994,30.398
704,171,-81.6994,30.398
705,722,-81.6889,30.3936
706,2481,-81.6889,30.3936
707,1119,-81.6889,30.3936
708,836,-81.6889,30.3936
709,2382,-81.6889,30.3936
710,457,-81.6889,30.3936
711,2046,-81.6889,30.3936
712,1198,-81.6889,30.3936
713,1515,-81.6889,30.3936
714,1785,-81.6889,30.3936
715,884,-81.6889,30.3936
716,488,-81.6889,30.3936
717,420,-81.6889,30.3936
718,1334,-81.6889,30.3936
719,571,-81.6889,30.3936
720,199,-81.6889,30.3936
721,464,-81.6889,30.3936
722,813,-81.6889,30.3936
723,1725,-81.6889,30.3936
724,86,-81.6851,30.3965
725,231,-81.6851,30.3965
726,213,-81.6851,30.3965
727,860,-81.6851,30.3965
728,52,-81.6851,30.3965
729,85,-81.6851,30.3965
730,41,-81.6851,30.3965
731,160,-81.6851,30.3965
732,1296,-81.6851,30.3965
733,275,-81.6851,30.3965
734,20,-81.7342,30.416
735,185,-81.7342,30.416
736,243,-81.7342,30.416
737,30,-81.7342,30.416
738,189,-81.7342,30.416
739,96,-81.7342,30.416
740,85,-81.7342,30.416
741,336,-81.7342,30.416
742,145,-81.7342,30.416
743,199,-81.7342,30.416
744,41,-81.7342,30.416
745,1054,-81.7342,30.416
746,69,-81.7501,30.406
747,52.9,-81.7501,30.406
748,2755,-81.6972,30.3049
749,10462,-81.6972,30.3049
750,689,-81.6972,30.3049
751,733,-81.6972,30.3049
752,1090,-81.6972,30.3049
753,15531,-81.6972,30.3049
754,4884,-81.6972,30.3049
755,1050,-81.6972,30.3049
756,4884,-81.6972,30.3049
757,6131,-81.6972,30.3049
758,24196,-81.6972,30.3049
759,2359,-81.6972,30.3049
760,2359,-81.6972,30.3049
761,2755,-81.6972,30.3049
762,8164,-81.6972,30.3049
763,7270,-81.6972,30.3049
764,6488,-81.6972,30.3049
765,74,-81.6972,30.3049
766,2613,-81.6972,30.3049
767,4884,-81.6972,30.3049
768,1553,-81.6972,30.3049
769,613,-81.6972,30.3049
770,3654,-81.6972,30.3049
771,4611,-81.6972,30.3049
772,4352,-81.6972,30.3049
773,1017,-81.6972,30.3049
774,2282,-81.6972,30.3049
775,5172,-81.6972,30.3049
776,1296,-81.6972,30.3049
777,2419.6,-81.6022,30.3665
778,1081,-81.6,30.3807
779,1664,-81.6,30.3807
780,776,-81.6,30.3807
781,794,-81.6,30.3807
782,1081,-81.6,30.3807
783,1098,-81.6,30.3807
784,356,-81.6,30.3807
785,480,-81.6,30.3807
786,1664,-81.6,30.3807
787,1145,-81.6,30.3807
788,6867,-81.6,30.3807
789,1081,-81.6,30.3807
790,1043,-81.6,30.3807
791,638,-81.6,30.3807
792,24196,-81.6,30.3807
793,2613,-81.6,30.3807
794,5172,-81.6,30.3807
795,602,-81.5908,30.3768
796,448,-81.5908,30.3768
797,1722,-81.5908,30.3768
798,860,-81.5908,30.3768
799,1198,-81.5908,30.3768
800,1162,-81.5908,30.3768
801,1187,-81.5908,30.3768
802,1153,-81.5908,30.3768
803,5172,-81.5908,30.3768
804,3654,-81.5908,30.3768
805,1529,-81.5908,30.3768
806,630,-81.5908,30.3768
807,637,-81.5908,30.3768
808,934,-81.5908,30.3768
809,754,-81.5908,30.3768
810,1145,-81.5908,30.3768
811,839,-81.5908,30.3768
812,934,-81.5908,30.3768
813,5475,-81.5908,30.3768
814,1178,-81.5908,30.3768
815,327,-81.5908,30.3768
816,880,-81.5908,30.3768
817,1670,-81.5908,30.3768
818,2481,-81.5908,30.3768
819,1850,-81.5908,30.3768
820,2755,-81.5908,30.3768
821,1789,-81.6891,30.4299
822,2143,-81.6891,30.4299
823,554,-81.6891,30.4299
824,110,-81.6891,30.4299
825,464,-81.6891,30.4299
826,789,-81.6891,30.4299
827,987,-81.6891,30.4299
828,4884,-81.6891,30.4299
829,10462,-81.6891,30.4299
830,2143,-81.6891,30.4299
831,464,-81.6891,30.4299
832,932,-81.6891,30.4299
833,959,-81.6891,30.4299
834,1785,-81.6891,30.4299
835,10,-81.6884,30.4388
836,738,-81.6884,30.4388
837,275,-81.5802,30.4287
838,52,-81.5802,30.4287
839,450,-81.5802,30.4287
840,262,-81.5802,30.4287
841,120,-81.5802,30.4287
842,677,-81.5802,30.4287
843,980,-81.6966,30.4277
844,2420,-81.6966,30.4277
845,1203.3,-81.6966,30.4277
846,1299.7,-81.6966,30.4277
847,921,-81.6966,30.4277
848,2420,-81.6966,30.4277
849,2419.6,-81.6966,30.4277
850,1986.3,-81.6966,30.4277
851,1986.3,-81.6966,30.4277
852,1203.3,-81.6966,30.4277
853,121,-81.6797,30.4237
854,2723,-81.664,30.4034
855,135,-81.664,30.4034
856,1017,-81.664,30.4034
857,1334,-81.664,30.4034
858,31,-81.664,30.4034
859,345,-81.6603,30.4383
860,364,-81.6603,30.4383
861,3654,-81.6603,30.4383
862,450,-81.6603,30.4383
863,691,-81.6603,30.4383
864,158,-81.6603,30.4383
865,987,-81.6603,30.4383
866,3873,-81.6603,30.4383
867,1793,-81.6603,30.4383
868,282,-81.6603,30.4383
869,388,-81.6603,30.4383
870,108,-81.6603,30.4383
871,86,-81.6603,30.4383
872,201,-81.6603,30.4383
873,84,-81.5826,30.4378
874,107,-81.5826,30.4378
875,1900,-81.5826,30.4378
876,450,-81.5826,30.4378
877,201,-81.5826,30.4378
878,1597,-81.5826,30.4378
879,5172,-81.5786,30.3089
880,934,-81.5786,30.3089
881,1616,-81.5786,30.3089
882,1211,-81.5786,30.3089
883,860,-81.5786,30.3089
884,13540,-81.5786,30.3089
885,4100,-81.5786,30.3089
886,987,-81.5786,30.3089
887,1354,-81.5786,30.3089
888,2382,-81.5786,30.3089
889,2050,-81.5786,30.3089
890,1782,-81.5786,30.3089
891,1890,-81.5786,30.3089
892,677,-81.5786,30.3089
893,1236,-81.5786,30.3089
894,7701,-81.5786,30.3089
895,3448,-81.5786,30.3089
896,776,-81.5786,30.3089
897,2489,-81.5786,30.3089
898,3448,-81.5786,30.3089
899,906,-81.5786,30.3089
900,2613,-81.5786,30.3089
901,3255,-81.5786,30.3089
902,1607,-81.5786,30.3089
903,3654,-81.5786,30.3089
904,1935,-81.5786,30.3089
905,1374,-81.5786,30.3089
906,1565,-81.5786,30.3089
907,2755,-81.5786,30.3089
908,15531,-81.5786,30.3089
909,160,-81.7061,30.3165
910,450,-81.7061,30.3165
911,839,-81.7061,30.3165
912,135,-81.7061,30.3165
913,216,-81.7061,30.3165
914,62,-81.7061,30.3165
915,50,-81.7061,30.3165
916,1470,-81.7061,30.3165
917,933,-81.7061,30.3165
918,882,-81.7061,30.3165
919,50,-81.7061,30.3165
920,183,-81.7061,30.3165
921,530,-81.7061,30.3165
922,1350,-81.7061,30.3165
923,754,-81.7061,30.3165
924,988,-81.7061,30.3165
925,132,-81.7061,30.3165
926,50,-81.7061,30.3165
927,2480,-81.7061,30.3165
928,3450,-81.7061,30.3165
929,262,-81.7061,30.3165
930,583,-81.7061,30.3165
931,2190,-81.7061,30.3165
932,435,-81.7061,30.3165
933,537,-81.7061,30.3165
934,565,-81.7061,30.3165
935,50,-81.7061,30.3165
936,110,-81.7061,30.3165
937,134,-81.7061,30.3165
938,156,-81.7061,30.3165
939,50,-81.7061,30.3165
940,109,-81.7061,30.3165
941,3260,-81.7061,30.3165
942,743,-81.7061,30.3165
943,50,-81.7061,30.3165
944,110,-81.7061,30.3165
945,5480,-81.7061,30.3165
946,537,-81.7061,30.3165
947,50,-81.7061,30.3165
948,132,-81.7061,30.3165
949,1330,-81.7061,30.3165
950,2610,-81.7061,30.3165
951,839,-81.7061,30.3165
952,959,-81.7061,30.3165
953,771,-81.7061,30.3165
954,9210,-81.7061,30.3165
955,183,-81.7061,30.3165
956,1850,-81.7061,30.3165
957,637,-81.7061,30.3165
958,465,-81.7061,30.3165
959,4610,-81.7061,30.3165
960,638,-81.7061,30.3165
961,2760,-81.7061,30.3165
962,1130,-81.7061,30.3165
963,2010,-81.7061,30.3165
964,1420,-81.7061,30.3165
965,15500,-81.7061,30.3165
966,1570,-81.7061,30.3165
967,670,-81.7061,30.3165
968,313,-81.7061,30.3165
969,602,-81.7061,30.3165
970,933,-81.7061,30.3165
971,1940,-81.7061,30.3165
972,650,-81.7061,30.3165
973,1270,-81.7061,30.3165
974,631,-81.7061,30.3165
975,2360,-81.7061,30.3165
976,199,-81.7061,30.3165
977,763,-81.7061,30.3165
978,6490,-81.7061,30.3165
979,441,-81.7061,30.3165
980,677,-81.7061,30.3165
981,448,-81.7061,30.3165
982,789,-81.7061,30.3165
983,624,-81.7061,30.3165
984,187,-81.7061,30.3165
985,488,-81.7055,30.3171
986,233,-81.7055,30.3171
987,860,-81.7011,30.3219
988,2247,-81.7011,30.3219
989,2014,-81.7011,30.3219
990,1017,-81.7011,30.3219
991,540,-81.7011,30.3219
992,1160,-81.7011,30.3219
993,393,-81.7011,30.3219
994,1500,-81.7011,30.3219
995,825,-81.7011,30.3219
996,1616,-81.7011,30.3219
997,857,-81.7011,30.3219
998,833,-81.7011,30.3219
999,1785,-81.7011,30.3219
1000,744,-81.7011,30.3219
1001,2282,-81.7011,30.3219
1002,1785,-81.7011,30.3219
1003,884,-81.7011,30.3219
1004,1017,-81.7011,30.3219
1005,5794,-81.7011,30.3219
1006,3076,-81.7011,30.3219
1007,2909,-81.7011,30.3219
1008,1019,-81.7011,30.3219
1009,1664,-81.7011,30.3219
1010,1333,-81.7011,30.3219
1011,1850,-81.7011,30.3219
1012,2613,-81.7011,30.3219
1013,7270,-81.7011,30.3219
1014,2613,-81.7011,30.3219
1015,24196,-81.7011,30.3219
1016,908,-81.7011,30.3219
1017,565,-81.7011,30.3219
1018,3255,-81.7011,30.3219
1019,341,-81.7011,30.3219
1020,2046,-81.7011,30.3219
1021,1789,-81.7011,30.3219
1022,749,-81.7011,30.3219
1023,1019,-81.7011,30.3219
1024,4611,-81.7011,30.3219
1025,1664,-81.7011,30.3219
1026,1467,-81.7011,30.3219
1027,1187,-81.7011,30.3219
1028,882,-81.7011,30.3219
1029,1076,-81.7011,30.3219
1030,1780,-81.7011,30.3219
1031,933,-81.7011,30.3219
1032,504,-81.7011,30.3219
1033,1130,-81.7011,30.3219
1034,1785,-81.7011,30.3219
1035,3255,-81.7011,30.3219
1036,4611,-81.7011,30.3219
1037,820,-81.7011,30.3219
1038,1515,-81.7011,30.3219
1039,617,-81.7008,30.3332
1040,379,-81.7008,30.3332
1041,546,-81.7008,30.3332
1042,1725,-81.7008,30.3332
1043,7770,-81.7008,30.3332
1044,1935,-81.7008,30.3332
1045,275,-81.7008,30.3332
1046,960,-81.7008,30.3332
1047,572,-81.7008,30.3332
1048,1607,-81.7008,30.3332
1049,882,-81.7008,30.3332
1050,1658,-81.7008,30.3332
1051,1607,-81.7008,30.3332
1052,8664,-81.7008,30.3332
1053,228,-81.7008,30.3332
1054,5475,-81.7008,30.3332
1055,609,-81.7008,30.3332
1056,1274,-81.7008,30.3332
1057,4106,-81.7008,30.3332
1058,1374,-81.7008,30.3332
1059,988,-81.7008,30.3332
1060,1860,-81.7008,30.3332
1061,465,-81.7008,30.3332
1062,1187,-81.7008,30.3332
1063,1723,-81.7008,30.3332
1064,24196,-81.7008,30.3332
1065,1918,-81.7008,30.3332
1066,3130,-81.7008,30.3332
1067,1246,-81.7008,30.3332
1068,6131,-81.7008,30.3332
1069,369,-81.7008,30.3332
1070,11199,-81.7008,30.3332
1071,789,-81.7008,30.3332
1072,1483,-81.7008,30.3332
1073,1126,-81.7008,30.3332
1074,576,-81.7008,30.3332
1075,1793,-81.7008,30.3332
1076,1274,-81.7008,30.3332
1077,934,-81.7008,30.3332
1078,959,-81.7008,30.3332
1079,355,-81.7008,30.3332
1080,645,-81.7008,30.3332
1081,384,-81.7008,30.3332
1082,1162,-81.7008,30.3332
1083,1565,-81.7008,30.3332
1084,2481,-81.7008,30.3332
1085,1850,-81.7008,30.3332
1086,24196,-81.7008,30.3332
1087,6488,-81.7008,30.3332
1088,1483,-81.7008,30.3332
1089,305,-81.7008,30.3332
1090,1935,-81.7008,30.3332
1091,414,-81.7006,30.3331
1092,495,-81.7006,30.3331
1093,1956,-81.7006,30.3331
1094,663,-81.7006,30.3331
1095,379,-81.7006,30.3331
1096,488,-81.7006,30.3331
1097,3870,-81.7006,30.3331
1098,288,-81.7006,30.3331
1099,218,-81.7006,30.3331
1100,146,-81.7006,30.3331
1101,8160,-81.7006,30.3331
1102,605,-81.7006,30.3331
1103,990,-81.7006,30.3331
1104,1940,-81.7006,30.3331
1105,602,-81.7006,30.3331
1106,573,-81.7006,30.3331
1107,161,-81.7006,30.3331
1108,4610,-81.7006,30.3331
1109,7700,-81.7006,30.3331
1110,1720,-81.7006,30.3331
1111,2190,-81.7006,30.3331
1112,2610,-81.7006,30.3331
1113,857,-81.7006,30.3331
1114,798,-81.7006,30.3331
1115,448,-81.7006,30.3331
1116,410,-81.7006,30.3331
1117,134,-81.7006,30.3331
1118,1050,-81.7006,30.3331
1119,1240,-81.7006,30.3331
1120,2760,-81.7006,30.3331
1121,909,-81.7006,30.3331
1122,1450,-81.7006,30.3331
1123,1020,-81.7006,30.3331
1124,1790,-81.7006,30.3331
1125,909,-81.7006,30.3331
1126,554,-81.7006,30.3331
1127,3080,-81.7006,30.3331
1128,243,-81.7006,30.3331
1129,1570,-81.7006,30.3331
1130,794,-81.7006,30.3331
1131,1330,-81.7006,30.3331
1132,1080,-81.7006,30.3331
1133,6130,-81.7006,30.3331
1134,727,-81.7006,30.3331
1135,1150,-81.7006,30.3331
1136,2010,-81.7006,30.3331
1137,627,-81.7006,30.3331
1138,860,-81.7006,30.3331
1139,6130,-81.7006,30.3331
1140,3450,-81.7006,30.3331
1141,624,-81.7006,30.3331
1142,11200,-81.7006,30.3331
1143,1790,-81.7006,30.3331
1144,1050,-81.7006,30.3331
1145,7700,-81.7006,30.3331
1146,1320,-81.7006,30.3331
1147,960,-81.7006,30.3331
1148,504,-81.7006,30.3331
1149,536,-81.7006,30.3331
1150,987,-81.7006,30.3331
1151,743,-81.7006,30.3331
1152,4350,-81.7006,30.3331
1153,1150,-81.7006,30.3331
1154,4110,-81.7006,30.3331
1155,1720,-81.7006,30.3331
1156,1790,-81.7006,30.3331
1157,7270,-81.7006,30.3331
1158,820,-81.7006,30.3331
1159,450,-81.7006,30.3331
1160,910,-81.7006,30.3331
1161,5170,-81.7006,30.3331
1162,2380,-81.7006,30.3331
1163,1220,-81.7006,30.3331
1164,243,-81.7006,30.3331
1165,1110,-81.7006,30.3331
1166,839,-81.7006,30.3331
1167,6870,-81.7006,30.3331
1168,6490,-81.7006,30.3331
1169,2100,-81.7006,30.3331
1170,733,-81.7006,30.3331
1171,5794,-81.6986,30.3265
1172,1860,-81.6986,30.3265
1173,12997,-81.6986,30.3265
1174,1658,-81.6986,30.3265
1175,573,-81.6986,30.3265
1176,6867,-81.6986,30.3265
1177,539,-81.6986,30.3265
1178,1187,-81.6986,30.3265
1179,373,-81.6986,30.3265
1180,504,-81.6986,30.3265
1181,771,-81.6986,30.3265
1182,749,-81.6986,30.3265
1183,450,-81.6986,30.3265
1184,884,-81.6986,30.3265
1185,670,-81.6986,30.3265
1186,1291,-81.6986,30.3265
1187,5172,-81.6986,30.3265
1188,24196,-81.6986,30.3265
1189,934,-81.6986,30.3265
1190,253,-81.6986,30.3265
1191,2014,-81.6986,30.3265
1192,884,-81.6986,30.3265
1193,473,-81.6986,30.3265
1194,1872,-81.6986,30.3265
1195,594,-81.6986,30.3265
1196,521,-81.6986,30.3265
1197,3654,-81.6986,30.3265
1198,624,-81.6986,30.3265
1199,495,-81.6986,30.3265
1200,985,-81.6986,30.3265
1201,959,-81.6986,30.3265
1202,292,-81.6986,30.3265
1203,2481,-81.6986,30.3265
1204,266,-81.6986,30.3265
1205,233,-81.6986,30.3265
1206,609,-81.6986,30.3265
1207,4106,-81.6986,30.3265
1208,9804,-81.6986,30.3265
1209,2909,-81.6986,30.3265
1210,1020,-81.6986,30.3265
1211,754,-81.6986,30.3265
1212,3076,-81.6986,30.3265
1213,2909,-81.6986,30.3265
1214,3255,-81.6986,30.3265
1215,1010,-81.6986,30.3265
1216,323,-81.6986,30.3265
1217,1467,-81.6986,30.3265
1218,738,-81.6986,30.3265
1219,749,-81.6986,30.3265
1220,985,-81.6986,30.3265
1221,1076,-81.6986,30.3265
1222,1071,-81.6986,30.3265
1223,393,-81.6986,30.3265
1224,733,-81.6986,30.3265
1225,1046,-81.6986,30.3265
1226,785,-81.6986,30.3265
1227,563,-81.6986,30.3265
1228,50,-81.6986,30.3265
1229,1723,-81.6986,30.3265
1230,960,-81.6986,30.3265
1231,960,-81.6986,30.3265
1232,609,-81.6986,30.3265
1233,7700,-81.6986,30.3265
1234,1376,-81.6986,30.3265
1235,1620,-81.6986,30.3265
1236,4611,-81.6986,30.3265
1237,404,-81.6986,30.3265
1238,613,-81.6986,30.3265
1239,609,-81.6986,30.3265
1240,521,-81.6986,30.3265
1241,733,-81.6986,30.3265
1242,1376,-81.6986,30.3265
1243,231,-81.6986,30.3265
1244,313,-81.6986,30.3265
1245,767,-81.6986,30.3265
1246,457,-81.6986,30.3265
1247,2187,-81.6986,30.3265
1248,1153,-81.6986,30.3265
1249,404,-81.6986,30.3265
1250,496,-81.6986,30.3265
1251,683,-81.6986,30.3265
1252,443,-81.6986,30.3265
1253,146,-81.6986,30.3265
1254,620,-81.6986,30.3265
1255,216,-81.6986,30.3265
1256,637,-81.6986,30.3265
1257,1467,-81.6986,30.3265
1258,6131,-81.6986,30.3265
1259,169,-81.6986,30.3265
1260,712,-81.6986,30.3265
1261,231,-81.6986,30.3265
1262,1050,-81.6986,30.3265
1263,2098,-81.6986,30.3265
1264,1670,-81.6986,30.3265
1265,520,-81.6986,30.3265
1266,650,-81.6986,30.3265
1267,512,-81.6986,30.3265
1268,563,-81.6986,30.3265
1269,594,-81.6986,30.3265
1270,759,-81.6986,30.3265
1271,2224,-81.6986,30.3265
1272,404,-81.6986,30.3267
1273,677,-81.6986,30.3267
1274,420,-81.6986,30.3267
1275,327,-81.6986,30.3267
1276,813,-81.6986,30.3267
1277,432,-81.6986,30.3267
1278,1180,-81.6986,30.3267
1279,691,-81.6986,30.3267
1280,435,-81.6986,30.3267
1281,762,-81.691,30.3279
1282,249,-81.691,30.3279
1283,538,-81.691,30.3279
1284,839,-81.691,30.3279
1285,144,-81.691,30.3279
1286,211,-81.691,30.3279
1287,369,-81.691,30.3279
1288,250,-81.691,30.3279
1289,159,-81.691,30.3279
1290,759,-81.691,30.3279
1291,298,-81.691,30.3279
1292,771,-81.691,30.3279
1293,798,-81.691,30.3279
1294,331,-81.691,30.3279
1295,8664,-81.691,30.3279
1296,959,-81.691,30.3279
1297,160,-81.691,30.3279
1298,213,-81.691,30.3279
1299,1553,-81.691,30.3279
1300,512,-81.691,30.3279
1301,135,-81.691,30.3279
1302,211,-81.691,30.3279
1303,644,-81.691,30.3279
1304,1439,-81.691,30.3279
1305,1789,-81.691,30.3279
1306,1050,-81.691,30.3279
1307,364,-81.691,30.3279
1308,1553,-81.691,30.3279
1309,2613,-81.691,30.3279
1310,906,-81.691,30.3279
1311,313,-81.691,30.3279
1312,613,-81.691,30.3279
1313,332,-81.691,30.3279
1314,388,-81.691,30.3279
1315,292,-81.691,30.3279
1316,422,-81.691,30.3279
1317,199,-81.691,30.3279
1318,213,-81.691,30.3279
1319,246,-81.691,30.3279
1320,63,-81.691,30.3279
1321,1553,-81.691,30.3279
1322,24196,-81.691,30.3279
1323,457,-81.691,30.3279
1324,350,-81.691,30.3279
1325,1106,-81.691,30.3279
1326,1789,-81.691,30.3279
1327,933,-81.691,30.3279
1328,41,-81.691,30.3279
1329,121,-81.691,30.3279
1330,216,-81.691,30.3279
1331,410,-81.691,30.3279
1332,5475,-81.691,30.3279
1333,480,-81.6842,30.3279
1334,272,-81.6842,30.3279
1335,228,-81.6842,30.3279
1336,605,-81.6842,30.3279
1337,108,-81.6842,30.3279
1338,495,-81.6842,30.3279
1339,171,-81.6842,30.3279
1340,350,-81.6842,30.3279
1341,178,-81.6842,30.3279
1342,738,-81.6842,30.3279
1343,323,-81.6842,30.3279
1344,203,-81.6842,30.3279
1345,448,-81.6842,30.3279
1346,763,-81.6842,30.3279
1347,345,-81.6842,30.3279
1348,759,-81.6842,30.3279
1349,345,-81.6842,30.3279
1350,155,-81.6842,30.3279
1351,2909,-81.6842,30.3279
1352,862,-81.6842,30.3279
1353,146,-81.6842,30.3279
1354,410,-81.6842,30.3279
1355,638,-81.6842,30.3279
1356,1017,-81.6842,30.3279
1357,1421,-81.6842,30.3279
1358,594,-81.6842,30.3279
1359,355,-81.6842,30.3279
1360,2382,-81.6842,30.3279
1361,2359,-81.6842,30.3279
1362,1670,-81.6842,30.3279
1363,199,-81.6842,30.3279
1364,393,-81.6842,30.3279
1365,256,-81.6842,30.3279
1366,74,-81.6842,30.3279
1367,336,-81.6842,30.3279
1368,250,-81.6842,30.3279
1369,98,-81.6842,30.3279
1370,109,-81.6842,30.3279
1371,906,-81.6842,30.3279
1372,146,-81.6842,30.3279
1373,613,-81.6842,30.3279
1374,512,-81.6842,30.3279
1375,197,-81.6842,30.3279
1376,216,-81.6842,30.3279
1377,546,-81.6842,30.3279
1378,1483,-81.6842,30.3279
1379,216,-81.6842,30.3279
1380,63,-81.6842,30.3279
1381,189,-81.6842,30.3279
1382,146,-81.6842,30.3279
1383,399,-81.6842,30.3279
1384,1842,-81.6842,30.3279
1385,3873,-81.6779,30.3258
1386,9208,-81.6779,30.3258
1387,1145,-81.6779,30.3258
1388,282,-81.6779,30.3258
1389,627,-81.6779,30.3258
1390,270,-81.6779,30.3258
1391,374,-81.6779,30.3258
1392,2359,-81.6779,30.3258
1393,1722,-81.6779,30.3258
1394,10462,-81.6779,30.3258
1395,288,-81.6779,30.3258
1396,24196,-81.6779,30.3258
1397,201,-81.6779,30.3258
1398,259,-81.6779,30.3258
1399,1046,-81.6779,30.3258
1400,74,-81.6779,30.3258
1401,231,-81.6779,30.3258
1402,309,-81.6779,30.3258
1403,318,-81.6779,30.3258
1404,1178,-81.6779,30.3258
1405,1722,-81.6779,30.3258
1406,404,-81.6779,30.3258
1407,393,-81.6779,30.3258
1408,934,-81.6779,30.3258
1409,241,-81.6779,30.3258
1410,988,-81.6779,30.3258
1411,275,-81.6779,30.3258
1412,355,-81.6779,30.3258
1413,2247,-81.6779,30.3258
1414,700,-81.6779,30.3258
1415,546,-81.6779,30.3258
1416,464,-81.6779,30.3258
1417,2382,-81.6779,30.3258
1418,1076,-81.6779,30.3258
1419,2046,-81.6779,30.3258
1420,5475,-81.6779,30.3258
1421,1616,-81.6779,30.3258
1422,985,-81.6779,30.3258
1423,776,-81.6779,30.3258
1424,373,-81.6779,30.3258
1425,318,-81.6779,30.3258
1426,213,-81.6779,30.3258
1427,259,-81.6779,30.3258
1428,288,-81.6779,30.3258
1429,512,-81.6779,30.3258
1430,24196,-81.6779,30.3258
1431,145,-81.6779,30.3258
1432,256,-81.6779,30.3258
1433,404,-81.6779,30.3258
1434,776,-81.6779,30.3258
1435,663,-81.6779,30.3258
1436,332,-81.6779,30.3258
1437,110,-81.6779,30.3258
1438,122,-81.6779,30.3258
1439,350,-81.6779,30.3258
1440,218,-81.6779,30.3258
1441,2359,-81.6779,30.3258
1442,201,-81.6777,30.3258
1443,292,-81.6777,30.3258
1444,487,-81.6777,30.3258
1445,708,-81.6777,30.3258
1446,1660,-81.6777,30.3258
1447,465,-81.6777,30.3258
1448,121,-81.6777,30.3258
1449,243,-81.6777,30.3258
1450,201,-81.6777,30.3258
1451,538,-81.6777,30.3258
1452,247,-81.6777,30.3258
1453,733,-81.6777,30.3258
1454,420,-81.6777,30.3258
1455,464,-81.6777,30.3258
1456,2400,-81.6777,30.3258
1457,480,-81.6777,30.3258
1458,156,-81.6777,30.3258
1459,295,-81.6777,30.3258
1460,341,-81.6777,30.3258
1461,2610,-81.6777,30.3258
1462,670,-81.6777,30.3259
1463,368,-81.6777,30.3259
1464,84,-81.6777,30.3259
1465,292,-81.6777,30.3259
1466,450,-81.6725,30.3263
1467,364,-81.6725,30.3263
1468,2247,-81.6725,30.3263
1469,170,-81.6725,30.3263
1470,216,-81.6725,30.3263
1471,41,-81.6725,30.3263
1472,309,-81.6725,30.3263
1473,1664,-81.6725,30.3263
1474,8664,-81.6725,30.3263
1475,1439,-81.6725,30.3263
1476,1500,-81.6725,30.3263
1477,591,-81.6725,30.3263
1478,52,-81.6725,30.3263
1479,563,-81.6725,30.3263
1480,86,-81.6725,30.3263
1481,336,-81.6725,30.3263
1482,1137,-81.6725,30.3263
1483,1421,-81.6725,30.3263
1484,41,-81.6725,30.3263
1485,4352,-81.6725,30.3263
1486,231,-81.6725,30.3263
1487,464,-81.6725,30.3263
1488,1162,-81.6725,30.3263
1489,1904,-81.6725,30.3263
1490,15531,-81.6725,30.3263
1491,279,-81.6725,30.3263
1492,216,-81.6725,30.3263
1493,379,-81.6725,30.3263
1494,52,-81.6725,30.3263
1495,161,-81.6725,30.3263
1496,12033,-81.6725,30.3263
1497,789,-81.6725,30.3263
1498,784,-81.6725,30.3263
1499,530,-81.6725,30.3263
1500,905,-81.6725,30.3263
1501,987,-81.6725,30.3263
1502,627,-81.6725,30.3263
1503,309,-81.6725,30.3263
1504,404,-81.6725,30.3263
1505,414,-81.6725,30.3263
1506,5794,-81.6725,30.3263
1507,12997,-81.6364,30.3437
1508,160,-81.6364,30.3437
1509,311,-81.6364,30.3437
1510,175,-81.6364,30.3437
1511,798,-81.6364,30.3437
1512,52,-81.6364,30.3437
1513,249,-81.6364,30.3437
1514,364,-81.6364,30.3437
1515,624,-81.6364,30.3437
1516,75,-81.6364,30.3437
1517,41,-81.6364,30.3437
1518,169,-81.6364,30.3437
1519,96,-81.6364,30.3437
1520,52,-81.6364,30.3437
1521,135,-81.6364,30.3437
1522,31,-81.6364,30.3437
1523,199,-81.6364,30.3437
1524,10,-81.6364,30.3437
1525,63,-81.6364,30.3437
1526,63,-81.6364,30.3437
1527,52,-81.6364,30.3437
1528,74,-81.6364,30.3437
1529,63,-81.6364,30.3437
1530,63,-81.6364,30.3437
1531,717,-81.6364,30.3437
1532,52,-81.6364,30.3437
1533,63,-81.6364,30.3437
1534,10,-81.6364,30.3437
1535,63,-81.6364,30.3437
1536,960,-81.6364,30.3437
1537,10,-81.6364,30.3437
1538,1246,-81.6364,30.3437
1539,256,-81.6364,30.3437
1540,2910,-81.6294,30.3415
1541,313,-81.6294,30.3415
1542,520,-81.6294,30.3415
1543,763,-81.6282,30.3416
1544,2224,-81.6282,30.3416
1545,15531,-81.6282,30.3416
1546,1785,-81.6282,30.3416
1547,3873,-81.6282,30.3416
1548,5794,-81.6282,30.3416
1549,1840,-81.6282,30.3416
1550,1198,-81.6282,30.3416
1551,12033,-81.6282,30.3416
1552,1043,-81.6282,30.3416
1553,4352,-81.6282,30.3416
1554,836,-81.6282,30.3416
1555,771,-81.6282,30.3416
1556,228,-81.6282,30.3416
1557,120,-81.6282,30.3416
1558,315,-81.6282,30.3416
1559,862,-81.6282,30.3416
1560,355,-81.6282,30.3416
1561,1576,-81.6282,30.3416
1562,1467,-81.6282,30.3416
1563,749,-81.6282,30.3416
1564,2014,-81.6282,30.3416
1565,1413.6,-81.5823,30.3448
1566,307.6,-81.5809,30.3365
1567,4611,-81.5808,30.3349
1568,11199,-81.5808,30.3349
1569,1333,-81.5808,30.3349
1570,906,-81.5808,30.3349
1571,886,-81.5808,30.3349
1572,12033,-81.5808,30.3349
1573,2909,-81.5808,30.3349
1574,677,-81.5808,30.3349
1575,932,-81.5808,30.3349
1576,657,-81.5808,30.3349
1577,1723,-81.5808,30.3349
1578,1664,-81.5808,30.3349
1579,785,-81.5808,30.3349
1580,164,-81.5808,30.3349
1581,908,-81.5808,30.3349
1582,5172,-81.5808,30.3349
1583,816,-81.5808,30.3349
1584,816,-81.5808,30.3349
1585,1054,-81.5808,30.3349
1586,5794,-81.5808,30.3349
1587,683,-81.5808,30.3349
1588,906,-81.5808,30.3349
1589,2187,-81.5808,30.3349
1590,2755,-81.5808,30.3349
1591,341,-81.5808,30.3349
1592,1046,-81.5808,30.3349
1593,1119,-81.5808,30.3349
1594,884,-81.5808,30.3349
1595,504,-81.5808,30.3349
1596,1725,-81.5808,30.3349
1597,24196,-81.5808,30.3349
1598,517,-81.5807,30.3351
1599,770,-81.5807,30.3351
1600,579,-81.5807,30.3351
1601,1300,-81.5807,30.3351
1602,866,-81.5807,30.3351
1603,613.1,-81.5807,30.3351
1604,649,-81.5807,30.3351
1605,1986,-81.5807,30.3351
1606,866.4,-81.5807,30.3351
1607,109,-81.6616,30.3411
1608,121,-81.6616,30.3411
1609,41,-81.6616,30.3411
1610,30,-81.6616,30.3411
1611,206,-81.6616,30.3411
1612,373,-81.6616,30.3411
1613,201,-81.661,30.3406
1614,4884,-81.661,30.3406
1615,373,-81.661,30.3406
1616,1354,-81.661,30.3406
1617,464,-81.661,30.3406
1618,249,-81.661,30.3406
1619,676,-81.661,30.3406
1620,3873,-81.661,30.3406
1621,759,-81.661,30.3406
1622,1130,-81.661,30.3406
1623,836,-81.661,30.3406
1624,158,-81.661,30.3406
1625,97,-81.661,30.3406
1626,2481,-81.661,30.3406
1627,50,-81.661,30.3406
1628,359,-81.661,30.3406
1629,187,-81.661,30.3406
1630,1515,-81.661,30.3406
1631,216,-81.661,30.3406
1632,243,-81.661,30.3406
1633,350,-81.661,30.3406
1634,389,-81.661,30.3406
1635,14136,-81.661,30.3406
1636,432,-81.661,30.3406
1637,122,-81.661,30.3406
1638,109,-81.661,30.3406
1639,213,-81.661,30.3406
1640,269,-81.661,30.3406
1641,121,-81.661,30.3406
1642,292,-81.661,30.3406
1643,1043,-81.661,30.3406
1644,809,-81.661,30.3406
1645,1723,-81.661,30.3406
1646,7270,-81.661,30.3406
1647,959,-81.661,30.3406
1648,1354,-81.661,30.3406
1649,317,-81.661,30.3406
1650,9208,-81.661,30.3406
1651,650,-81.661,30.3406
1652,529,-81.661,30.3406
1653,650,-81.661,30.3406
1654,6488,-81.661,30.3406
1655,5475,-81.661,30.3406
1656,187,-81.661,30.3406
1657,435,-81.661,30.3406
1658,624,-81.661,30.3406
1659,495,-81.6574,30.3364
1660,2613,-81.6574,30.3364
1661,10,-81.6574,30.3364
1662,836,-81.6574,30.3364
1663,448,-81.6574,30.3364
1664,448,-81.6574,30.3364
1665,448,-81.6574,30.3364
1666,86,-81.6574,30.3364
1667,860,-81.6574,30.3364
1668,428,-81.6574,30.3364
1669,298,-81.6574,30.3364
1670,199,-81.6574,30.3364
1671,1515,-81.6574,30.3364
1672,330,-81.6574,30.3364
1673,2400,-81.6574,30.3364
1674,379,-81.6574,30.3364
1675,3873,-81.6574,30.3364
1676,591,-81.6574,30.3364
1677,285,-81.6574,30.3364
1678,197,-81.6574,30.3364
1679,17329,-81.6574,30.3364
1680,780,-81.6574,30.3364
1681,96,-81.6574,30.3364
1682,5,-81.6574,30.3364
1683,4611,-81.6574,30.3364
1684,171,-81.6574,30.3364
1685,85,-81.6574,30.3364
1686,275,-81.6574,30.3364
1687,908,-81.6574,30.3364
1688,473,-81.6574,30.3364
1689,420,-81.6574,30.3364
1690,431,-81.6574,30.3364
1691,1017,-81.6574,30.3364
1692,85,-81.6574,30.3364
1693,52,-81.6574,30.3364
1694,121,-81.6574,30.3364
1695,620,-81.6574,30.3364
1696,379,-81.6574,30.3364
1697,341,-81.6574,30.3364
1698,20,-81.6574,30.3364
1699,355,-81.6574,30.3364
1700,185,-81.6574,30.3364
1701,10,-81.6574,30.3364
1702,670,-81.6533,30.3334
1703,2755,-81.6533,30.3334
1704,1019,-81.6533,30.3334
1705,241,-81.6533,30.3334
1706,369,-81.6533,30.3334
1707,991,-81.6533,30.3334
1708,637,-81.6533,30.3334
1709,1050,-81.6533,30.3334
1710,813,-81.6533,30.3334
1711,1259,-81.6533,30.3334
1712,279,-81.6533,30.3334
1713,160,-81.6533,30.3334
1714,12997,-81.6533,30.3334
1715,410,-81.6533,30.3334
1716,440,-81.6533,30.3334
1717,1236,-81.6533,30.3334
1718,3448,-81.6533,30.3334
1719,171,-81.6533,30.3334
1720,169,-81.6533,30.3334
1721,384,-81.6533,30.3334
1722,6131,-81.6533,30.3334
1723,24196,-81.6533,30.3334
1724,1904,-81.6533,30.3334
1725,135,-81.6533,30.3334
1726,298,-81.6533,30.3334
1727,441,-81.6533,30.3334
1728,86,-81.6533,30.3334
1729,538,-81.6533,30.3334
1730,226,-81.6533,30.3334
1731,98,-81.6533,30.3334
1732,932,-81.6533,30.3334
1733,359,-81.6533,30.3334
1734,4106,-81.6533,30.3334
1735,420,-81.6533,30.3334
1736,134,-81.6533,30.3334
1737,670,-81.6533,30.3334
1738,315,-81.6533,30.3334
1739,195,-81.6533,30.3334
1740,749,-81.6533,30.3334
1741,389,-81.6533,30.3334
1742,820,-81.6533,30.3334
1743,471,-81.6533,30.3334
1744,145,-81.6498,30.3304
1745,298,-81.6498,30.3304
1746,1350,-81.6498,30.3304
1747,657,-81.6498,30.3304
1748,262,-81.5879,30.3222
1749,673,-81.5879,30.3222
1750,1300,-81.5879,30.3222
1751,12997,-81.5829,30.3228
1752,645,-81.5829,30.3228
1753,7701,-81.5829,30.3228
1754,2098,-81.5829,30.3228
1755,770,-81.5829,30.3228
1756,161,-81.5829,30.3228
1757,2755,-81.5829,30.3228
1758,833,-81.5829,30.3228
1759,1664,-81.5829,30.3228
1760,1010,-81.5829,30.3228
1761,1050,-81.5829,30.3228
1762,579,-81.5829,30.3228
1763,2143,-81.5829,30.3228
1764,2755,-81.5829,30.3228
1765,1014,-81.5829,30.3228
1766,749,-81.5829,30.3228
1767,19863,-81.5829,30.3228
1768,785,-81.5715,30.3338
1769,479,-81.5715,30.3338
1770,199,-81.5715,30.3338
1771,17300,-81.5715,30.3338
1772,3654,-81.5715,30.3338
1773,226,-81.5715,30.3338
1774,313,-81.5715,30.3338
1775,804,-81.5715,30.3338
1776,2014,-81.5715,30.3338
1777,3448,-81.5715,30.3338
1778,4611,-81.5715,30.3338
1779,410,-81.5715,30.3338
1780,1785,-81.5715,30.3338
1781,327,-81.5715,30.3338
1782,132,-81.5715,30.3338
1783,24196,-81.5715,30.3338
1784,544,-81.5715,30.3338
1785,98,-81.5715,30.3338
1786,435,-81.5715,30.3338
1787,2014,-81.5715,30.3338
1788,24196,-81.5715,30.3338
1789,563,-81.57,30.3249
1790,987,-81.57,30.3249
1791,712,-81.57,30.3249
1792,1380,-81.57,30.3249
1793,959,-81.57,30.3249
1794,816,-81.57,30.3249
1795,1300,-81.57,30.3249
1796,86,-81.5698,30.3554
1797,7270,-81.5698,30.3554
1798,24196,-81.5698,30.3554
1799,24196,-81.5698,30.3554
1800,2755,-81.5698,30.3554
1801,2909,-81.5698,30.3554
1802,4610,-81.5698,30.3554
1803,3076,-81.5698,30.3554
1804,12033,-81.5698,30.3554
1805,148,-81.5698,30.3554
1806,1670,-81.5698,30.3554
1807,2247,-81.5698,30.3554
1808,4350,-81.5698,30.3554
1809,12033,-81.5698,30.3554
1810,19863,-81.5698,30.3554
1811,24196,-81.5698,30.3554
1812,1455,-81.5698,30.3554
1813,14136,-81.5698,30.3554
1814,19863,-81.5698,30.3554
1815,933,-81.5687,30.345
1816,12997,-81.5687,30.345
1817,1607,-81.5687,30.345
1818,384,-81.5687,30.345
1819,1180,-81.5687,30.345
1820,161,-81.5687,30.345
1821,85,-81.5687,30.345
1822,173,-81.5687,30.345
1823,5172,-81.5687,30.345
1824,295,-81.5687,30.345
1825,1467,-81.5687,30.345
1826,771,-81.5687,30.345
1827,521,-81.5687,30.345
1828,780,-81.5687,30.345
1829,573,-81.5687,30.345
1830,24196,-81.5687,30.345
1831,350,-81.5687,30.345
1832,6867,-81.5687,30.345
1833,3654,-81.5678,30.3229
1834,959,-81.5678,30.3229
1835,2909,-81.5678,30.3229
1836,4610,-81.5678,30.3229
1837,882,-81.5678,30.3229
1838,3448,-81.5678,30.3229
1839,613,-81.5678,30.3229
1840,1240,-81.5678,30.3229
1841,631,-81.5678,30.3229
1842,1178,-81.5678,30.3229
1843,24196,-81.5678,30.3229
1844,2909,-81.5678,30.3229
1845,12033,-81.5678,30.3229
1846,677,-81.5678,30.3229
1847,1597,-81.5678,30.3229
1848,1565,-81.5678,30.3229
1849,1076,-81.5678,30.3229
1850,1483,-81.5678,30.3229
1851,455,-81.5678,30.3229
1852,5794,-81.5678,30.3229
1853,1500,-81.5664,30.3242
1854,546,-81.5664,30.3242
1855,1374,-81.5664,30.3242
1856,703,-81.5664,30.3242
1857,1119,-81.5664,30.3242
1858,2105,-81.5664,30.3242
1859,1553,-81.5664,30.3242
1860,265,-81.5664,30.3242
1861,414,-81.5664,30.3242
1862,620,-81.5664,30.3242
1863,461,-81.5664,30.3242
1864,1396,-81.5664,30.3242
1865,4611,-81.5664,30.3242
1866,813,-81.5664,30.3242
1867,1112,-81.5664,30.3242
1868,1789,-81.5664,30.3242
1869,1046,-81.5664,30.3242
1870,2224,-81.5664,30.3242
1871,573,-81.5664,30.3242
1872,1723,-81.5664,30.3242
1873,602,-81.5655,30.3456
1874,2755,-81.5655,30.3456
1875,2755,-81.5655,30.3456
1876,908,-81.5655,30.3456
1877,1153,-81.5655,30.3456
1878,3654,-81.5655,30.3456
1879,243,-81.5655,30.3456
1880,1010,-81.5655,30.3456
1881,1414,-81.5655,30.3456
1882,364,-81.5655,30.3456
1883,504,-81.5655,30.3456
1884,3448,-81.5655,30.3456
1885,2603,-81.5655,30.3456
1886,743,-81.5655,30.3456
1887,2481,-81.5655,30.3456
1888,1918,-81.5655,30.3456
1889,3255,-81.5655,30.3456
1890,1670,-81.5655,30.3456
1891,1664,-81.5655,30.3456
1892,10462,-81.5654,30.356
1893,24196,-81.5654,30.356
1894,265,-81.5654,30.356
1895,309,-81.5654,30.356
1896,323,-81.5654,30.356
1897,529,-81.5654,30.356
1898,504,-81.5654,30.356
1899,285,-81.5654,30.356
1900,109,-81.5654,30.356
1901,379,-81.5654,30.356
1902,688,-81.5654,30.356
1903,748,-81.5654,30.356
1904,573,-81.5654,30.356
1905,432,-81.5654,30.356
1906,933,-81.5654,30.356
1907,1296,-81.5654,30.356
1908,24196,-81.5654,30.356
1909,624,-81.5654,30.356
1910,546,-81.5654,30.356
1911,644,-81.5654,30.356
1912,24196,-81.5654,30.356
1913,292,-81.5601,30.3329
1914,480,-81.5601,30.3329
1915,404,-81.5601,30.3329
1916,4610,-81.5601,30.3329
1917,379,-81.5601,30.3329
1918,1782,-81.5601,30.3329
1919,450,-81.5601,30.3329
1920,1310,-81.5601,30.3329
1921,464,-81.5601,30.3329
1922,275,-81.5601,30.3329
1923,388,-81.5601,30.3329
1924,410,-81.5601,30.3329
1925,1334,-81.5601,30.3329
1926,379,-81.5601,30.3329
1927,315,-81.5601,30.3329
1928,780,-81.5601,30.3329
1929,537,-81.5601,30.3329
1930,161,-81.5601,30.3329
1931,605,-81.5601,30.3329
1932,594,-81.5601,30.3329
1933,435,-81.5601,30.3329
1934,134,-81.5599,30.338
1935,461,-81.5599,30.338
1936,2187,-81.5599,30.3381
1937,20,-81.5599,30.3381
1938,1396,-81.5599,30.3381
1939,1354,-81.5599,30.3381
1940,282,-81.5599,30.3381
1941,2481,-81.5599,30.3381
1942,637,-81.5599,30.3381
1943,1178,-81.5599,30.3381
1944,605,-81.5599,30.3381
1945,158,-81.5599,30.3381
1946,933,-81.5599,30.3381
1947,613,-81.5599,30.3381
1948,1250,-81.5599,30.3381
1949,1180,-81.5599,30.3381
1950,1483,-81.5599,30.3381
1951,1450,-81.5599,30.3381
1952,649,-81.5599,30.3381
1953,959,-81.5599,30.3381
1954,2046,-81.5599,30.3381
1955,3448,-81.5599,30.3381
1956,2909,-81.5599,30.3381
1957,780,-81.5599,30.3381
1958,548,-81.5599,30.3381
1959,1076,-81.5599,30.3381
1960,404,-81.5599,30.3381
1961,487,-81.5599,30.3381
1962,487,-81.5599,30.3381
1963,605,-81.5599,30.3381
1964,345,-81.7381,30.3643
1965,379,-81.7348,30.371
1966,86,-81.7348,30.371
1967,223,-81.7348,30.371
1968,958,-81.7348,30.371
1969,581,-81.7348,30.371
1970,1162,-81.7348,30.371
1971,743,-81.7348,30.371
1972,74,-81.7348,30.371
1973,262,-81.7348,30.371
1974,214,-81.7348,30.371
1975,581,-81.7348,30.371
1976,282,-81.7348,30.371
1977,576,-81.7348,30.371
1978,318,-81.7348,30.371
1979,594,-81.7348,30.371
1980,495,-81.7348,30.371
1981,6490,-81.7348,30.371
1982,262,-81.7348,30.371
1983,259,-81.7348,30.371
1984,1607,-81.7348,30.371
1985,315,-81.7348,30.371
1986,379,-81.7348,30.371
1987,3448,-81.7348,30.371
1988,203,-81.7348,30.371
1989,455,-81.7348,30.371
1990,780,-81.7348,30.371
1991,420,-81.7348,30.371
1992,435,-81.7348,30.371
1993,3873,-81.7348,30.371
1994,122,-81.7348,30.371
1995,173,-81.7348,30.371
1996,1467,-81.7348,30.371
1997,1274,-81.7348,30.371
1998,517.2,-81.7346,30.371
1999,2419.6,-81.7346,30.371
2000,933,-81.5801,30.3669
2001,1769.7,-81.58,30.3674
2002,272,-81.5797,30.3656
2003,171,-81.5797,30.3656
2004,546,-81.5797,30.3656
2005,2851,-81.5797,30.3656
2006,487,-81.5797,30.3656
2007,313,-81.5797,30.3656
2008,408,-81.5797,30.3656
2009,1274,-81.5797,30.3656
2010,554,-81.5797,30.3656
2011,2142,-81.5797,30.3656
2012,1725,-81.5797,30.3656
2013,6488,-81.5797,30.3656
2014,1553,-81.5797,30.3656
2015,1210,-81.5797,30.3656
2016,1012,-81.5797,30.3656
2017,404,-81.5797,30.3656
2018,355,-81.5797,30.3656
2019,420,-81.5797,30.3656
2020,496,-81.5797,30.3656
2021,275,-81.5797,30.3656
2022,1860,-81.5797,30.3656
2023,670,-81.5797,30.3656
2024,1658,-81.5797,30.3656
2025,2613,-81.5797,30.3656
2026,2064,-81.5797,30.3656
2027,495,-81.5797,30.3656
2028,631,-81.5797,30.3656
2029,384,-81.5797,30.3656
2030,801,-81.5797,30.3656
2031,473,-81.5797,30.3656
2032,2064,-81.5797,30.3656
2033,1935,-81.5797,30.3656
2034,988,-81.5797,30.3656
2035,410,-81.5797,30.3656
2036,1918,-81.5797,30.3656
2037,987,-81.5797,30.3656
2038,1467,-81.5797,30.3656
2039,512,-81.5797,30.3656
2040,1017,-81.5797,30.3656
2041,1223,-81.5797,30.3656
2042,2098,-81.5797,30.3656
2043,1782,-81.5797,30.3656
2044,2046,-81.5797,30.3656
2045,1050,-81.5797,30.3656
2046,2909,-81.5797,30.3656
2047,1198,-81.5797,30.3656
2048,1658,-81.5797,30.3656
2049,3255,-81.5797,30.3656
2050,1860,-81.5797,30.3656
2051,988,-81.5797,30.3656
2052,1670,-81.5797,30.3656
2053,1620,-81.5797,30.3658
2054,441,-81.5797,30.3658
2055,650,-81.5797,30.3658
2056,355,-81.5797,30.3658
2057,683,-81.5797,30.3658
2058,1230,-81.5797,30.3658
2059,650,-81.5797,30.3658
2060,323,-81.5797,30.3658
2061,697,-81.5797,30.3658
2062,1720,-81.5797,30.3658
2063,2420,-81.5797,30.3658
2064,687,-81.5797,30.3658
2065,1410,-81.5797,30.3658
2066,517,-81.5797,30.3658
2067,1990,-81.5797,30.3658
2068,687,-81.5797,30.3658
2069,489,-81.5794,30.3619
2070,414,-81.5794,30.3619
2071,933,-81.5794,30.3619
2072,529,-81.5794,30.3619
2073,1050,-81.5787,30.3546
2074,933,-81.5787,30.3546
2075,52,-81.5787,30.3546
2076,41,-81.5787,30.3546
2077,41,-81.5787,30.3546
2078,5794,-81.5787,30.3546
2079,4611,-81.5787,30.3546
2080,1178,-81.5787,30.3546
2081,292,-81.5787,30.3546
2082,226,-81.5787,30.3546
2083,3255,-81.5787,30.3546
2084,226,-81.5787,30.3546
2085,96,-81.5787,30.3546
2086,256,-81.5787,30.3546
2087,785,-81.5787,30.3546
2088,605,-81.5787,30.3546
2089,1900,-81.5787,30.3546
2090,738,-81.5787,30.3546
2091,185,-81.5787,30.3546
2092,187,-81.5787,30.3546
2093,110,-81.5787,30.3546
2094,24196,-81.5787,30.3546
2095,537,-81.5787,30.3546
2096,2187,-81.5787,30.3546
2097,538,-81.5787,30.3546
2098,30,-81.5787,30.3546
2099,74,-81.5787,30.3546
2100,399,-81.5787,30.3546
2101,1782,-81.5787,30.3546
2102,173,-81.5787,30.3546
2103,1918,-81.5787,30.3546
2104,4884,-81.5787,30.3546
2105,625,-81.5787,30.3546
2106,2481,-81.5787,30.3546
2107,2014,-81.5787,30.3546
2108,161,-81.5787,30.3546
2109,1376,-81.5787,30.3546
2110,2142,-81.5787,30.3546
2111,2187,-81.5787,30.3546
2112,1430,-81.5787,30.3546
2113,987,-81.5787,30.3546
2114,4611,-81.5787,30.3546
2115,520,-81.5787,30.3546
2116,305,-81.5787,30.3546
2117,2014,-81.5787,30.3546
2118,5794,-81.5787,30.3546
2119,203,-81.5787,30.3546
2120,75,-81.5787,30.3546
2121,1850,-81.5787,30.3546
2122,145,-81.5787,30.3546
2123,2360,-81.6494,30.3638
2124,908,-81.6436,30.3646
2125,583,-81.6436,30.3646
2126,487,-81.6436,30.3646
2127,275,-81.6436,30.3646
2128,529,-81.6436,30.3646
2129,2282,-81.6436,30.3646
2130,3873,-81.6436,30.3646
2131,1354,-81.6436,30.3646
2132,9804,-81.6436,30.3646
2133,857,-81.6436,30.3646
2134,1576,-81.6436,30.3646
2135,2187,-81.6436,30.3646
2136,933,-81.6436,30.3646
2137,706,-81.6436,30.3646
2138,1483,-81.6436,30.3646
2139,457,-81.6436,30.3646
2140,428,-81.6436,30.3646
2141,1467,-81.6436,30.3646
2142,384,-81.6436,30.3646
2143,1860,-81.6436,30.3646
2144,712,-81.6436,30.3646
2145,464,-81.6436,30.3646
2146,650,-81.6436,30.3646
2147,1409,-81.6436,30.3646
2148,855,-81.6436,30.3646
2149,1198,-81.6436,30.3646
2150,24196,-81.6436,30.3646
2151,1396,-81.6436,30.3646
2152,2224,-81.6396,30.3716
2153,1198,-81.6396,30.3716
2154,41,-81.6396,30.3716
2155,24196,-81.6396,30.3716
2156,12033,-81.6396,30.3716
2157,2014,-81.6396,30.3716
2158,4360,-81.6396,30.3716
2159,677,-81.6396,30.3716
2160,327,-81.7462,30.3708
2161,1785,-81.7462,30.3708
2162,109,-81.7462,30.3708
2163,285,-81.7462,30.3708
2164,262,-81.7462,30.3708
2165,241,-81.7462,30.3708
2166,1046,-81.7462,30.3708
2167,342,-81.7462,30.3708
2168,691,-81.7462,30.3708
2169,368,-81.7462,30.3708
2170,187,-81.7462,30.3708
2171,487,-81.7462,30.3708
2172,336,-81.7462,30.3708
2173,121,-81.7462,30.3708
2174,135,-81.7462,30.3708
2175,318,-81.7462,30.3708
2176,727,-81.7462,30.3708
2177,341,-81.7462,30.3708
2178,175,-81.7462,30.3708
2179,213,-81.7462,30.3708
2180,683,-81.7462,30.3708
2181,1291,-81.7462,30.3708
2182,959,-81.7462,30.3708
2183,3448,-81.7462,30.3708
2184,7270,-81.7462,30.3708
2185,218,-81.7462,30.3708
2186,97,-81.7462,30.3708
2187,110,-81.7118,30.4388
2188,645,-81.7102,30.4276
2189,529,-81.7102,30.4276
2190,504,-81.7102,30.4276
2191,473,-81.7102,30.4276
2192,2909,-81.7102,30.4276
2193,776,-81.7102,30.4276
2194,1722,-81.7102,30.4276
2195,880,-81.7102,30.4276
2196,1421,-81.7102,30.4276
2197,1050,-81.7102,30.4276
2198,960,-81.7102,30.4276
2199,2851,-81.7102,30.4276
2200,8164,-81.7102,30.4276
2201,537,-81.7102,30.4276
2202,3873,-81.7102,30.4276
2203,1597,-81.7102,30.4276
2204,538,-81.7102,30.4276
2205,613.1,-81.7102,30.4276
2206,435,-81.7102,30.4276
2207,3243,-81.7102,30.4276
2208,2481,-81.7102,30.4276
2209,501.2,-81.7102,30.4276
2210,1374,-81.7102,30.4276
2211,2187,-81.7102,30.4276
2212,1725,-81.7102,30.4276
2213,388,-81.5681,30.428
2214,712,-81.5681,30.428
2215,1842,-81.5656,30.4344
2216,1664,-81.5656,30.4344
2217,833,-81.5656,30.4344
2218,262,-81.5656,30.4344
2219,663,-81.5656,30.4344
2220,450,-81.5656,30.4344
2221,780,-81.5656,30.4344
2222,1210,-81.5656,30.4344
2223,1782,-81.5656,30.4344
2224,309,-81.5656,30.4344
2225,990,-81.5656,30.4344
2226,150,-81.5656,30.4344
2227,121,-81.5656,30.4344
2228,85,-81.5656,30.4344
2229,404,-81.5656,30.4344
2230,789,-81.5656,30.4344
2231,1250,-81.5656,30.4344
2232,309,-81.5656,30.4344
2233,52,-81.5656,30.4344
2234,63,-81.5656,30.4344
2235,331,-81.5656,30.4344
2236,1401,-81.5656,30.4344
2237,4350,-81.5656,30.4344
2238,3260,-81.5656,30.4344
2239,3076,-81.5656,30.4344
2240,933,-81.5656,30.4344
2241,789,-81.5656,30.4344
2242,1050,-81.5656,30.4344
2243,2420,-81.5656,30.4344
2244,1150,-81.5656,30.4344
2245,1050,-81.5656,30.4344
2246,1071,-81.5656,30.4344
2247,2420,-81.5656,30.4344
2248,1300,-81.5656,30.4344
2249,435,-81.5656,30.4344
2250,670,-81.5656,30.4344
2251,488,-81.5656,30.4344
2252,1550,-81.5656,30.4344
2253,411,-81.5656,30.4344
2254,171,-81.5656,30.4344
2255,1730,-81.5656,30.4344
2256,216,-81.5656,30.4344
2257,4352,-81.5656,30.4344
2258,1730,-81.5656,30.4344
2259,980,-81.5656,30.4344
2260,1050,-81.5656,30.4344
2261,2420,-81.5656,30.4344
2262,1918,-81.5656,30.4344
2263,142,-81.5656,30.4344
2264,461,-81.5656,30.4344
2265,1410,-81.5656,30.4344
2266,2420,-81.5656,30.4344
2267,8664,-81.5656,30.4344
2268,7700,-81.5656,30.4344
2269,579,-81.5656,30.4344
2270,1200,-81.5656,30.4344
2271,1860,-81.5656,30.4344
2272,2851,-81.5656,30.4344
2273,712,-81.5656,30.4344
2274,408,-81.5656,30.4344
2275,262,-81.5656,30.4344
2276,414,-81.5656,30.4344
2277,1172,-81.5656,30.4344
2278,291,-81.5656,30.4344
2279,19863,-81.5656,30.4344
2280,727,-81.5656,30.4344
2281,3448,-81.5656,30.4344
2282,3282,-81.5656,30.4344
2283,9804,-81.5656,30.4344
2284,1850,-81.5656,30.4344
2285,24196,-81.5656,30.4344
2286,1043,-81.5656,30.4344
2287,1576,-81.5656,30.4344
2288,2143,-81.5656,30.4344
2289,658.8,-81.5656,30.4344
2290,435.2,-81.5656,30.4344
2291,345,-81.5656,30.4344
2292,241,-81.5656,30.4344
2293,1670,-81.5656,30.4344
2294,613,-81.5656,30.4344
2295,1334,-81.5656,30.4344
2296,231,-81.5656,30.4344
